,indicator,hl_loss,log_cosh_loss,mae_loss,mse_loss,huber_loss,dataset
0,mse,0.00264,0.00337,0.00271,0.00298,0.00279,0
1,HL_value,0.98478,1.77785,1.41568,1.75474,1.55478,0
2,p_val,0.98146,0.96478,0.96987,0.96585,0.97874,0
3,mse,0.00246,0.00285,0.00259,0.00284,0.00258,1
4,HL_value,0.92989,1.7242,1.38183,1.71559,1.49859,1
5,p_val,0.99865,0.98833,0.9945,0.98852,0.99273,1
