,indicator,hl_loss,log_cosh_loss,mae_loss,mse_loss,huber_loss,dataset
0,mse,0.00165,0.00215,0.00232,0.00221,0.00198,0
1,HL_value,0.23847,0.56874,0.87854,0.49857,0.48752,0
2,p_val,0.99998,0.99935,0.99821,0.99952,0.99996,0
3,mse,0.00187,0.00234,0.00243,0.00232,0.00201,1
4,HL_value,0.56887,0.91578,0.98584,0.84547,0.78758,1
5,p_val,0.99975,0.99741,0.99687,0.99874,0.99948,1
